"funnel_step","funnel_metric","value","step_conversion","overall_conversion"
"1","app_download","23608","","1"
"2","sign_up","17623","0.7464842426296171","0.7464842426296171"
"3","ride_request","12406","0.7039664075356069","0.5254998305659099"
"4","ride_complete","6233","0.5024181847493149","0.26402067095899695"
"5","review_complete","4348","0.6975774105567143","0.18417485598102337"